{
    "1.1" : {
        "art" : "1.1",
        "isInBase" : "yes",
        "type" : "монета",
        "country" : "Россия",
        "nominal" : "1 рубль",
        "year" : "1654",
        "event" : "",
        "diameter" : "",
        "weight" : "",
        "price" : "89",
        "img" : "http://12rubley.ru/store/0/7/0/70/%D0%A1%D0%BD%D0%B8%D0%BC%D0%BE111.JPG"
    },

    "1.2" : {
        "art" : "1.2",
        "isInBase" : "yes",
        "type" : "монета",
        "country" : "Россия",
        "nominal" : "1 рубль",
        "year" : "1725",
        "event" : "",
        "diameter" : "",
        "weight" : "",
        "price" : "89",
        "img" : "http://12rubley.ru/store/0/7/0/70/IMG_20190913_103918.jpg"
    },

    "1.3" : {
        "art" : "1.3",
        "isInBase" : "yes",
        "type" : "монета",
        "country" : "Россия",
        "nominal" : "1 копейка",
        "year" : "1726",
        "event" : "Квадрат",
        "diameter" : "",
        "weight" : "",
        "price" : "89",
        "img" : "http://12rubley.ru/store/0/7/0/70/10(2).jpg"
    },

    "1.4" : {
        "art" : "1.4",
        "isInBase" : "yes",
        "type" : "монета",
        "country" : "Россия",
        "nominal" : "5 копеек",
        "year" : "1726",
        "event" : "Квадрат",
        "diameter" : "",
        "weight" : "",
        "price" : "89",
        "img" : "http://12rubley.ru/store/0/7/0/70/1726.jpg"
    },

    "1.5" : {
        "art" : "1.5",
        "isInBase" : "yes",
        "type" : "монета",
        "country" : "Германия",
        "nominal" : "1 рубль",
        "year" : "1733",
        "event" : "",
        "diameter" : "",
        "weight" : "",
        "price" : "89",
        "img" : "http://12rubley.ru/store/0/7/0/70/135432-107885-1%D1%801733.jpg"
    }
    
    ,
    "1.6" : {
        "art" : "1.6",
        "isInBase" : "yes",
        "type" : "монета",
        "country" : "Россия",
        "nominal" : "1 рубль",
        "year" : "1740",
        "event" : "А",
        "diameter" : "",
        "weight" : "",
        "price" : "89",
        "img" : "http://12rubley.ru/store/0/7/0/70/%D0%A1%D0%BD%D0%B8%D0%BC%D0%BE%D0%BA(10).JPG"
    }

    ,
    "1.7" : {
        "art" : "1.7",
        "isInBase" : "yes",
        "type" : "монета",
        "country" : "США",
        "nominal" : "1 рубль",
        "year" : " 1740",
        "event" : "Б",
        "diameter" : "",
        "weight" : "",
        "price" : "89",
        "img" : "http://12rubley.ru/store/0/7/0/70/1740.jpg"
    }

    ,
    "1.8" : {
        "art" : "1.8",
        "isInBase" : "yes",
        "type" : "монета",
        "country" : "Россия",
        "nominal" : "1 рубль",
        "year" : "1762",
        "event" : "Б",
        "diameter" : "",
        "weight" : "",
        "price" : "89",
        "img" : "http://12rubley.ru/store/0/7/0/70/135237-1r1762.jpg"
    }

    ,
    "1.9" : {
        "art" : "1.9",
        "isInBase" : "yes",
        "type" : "монета",
        "country" : "Россия",
        "nominal" : "1 рубль",
        "year" : "1762",
        "event" : "Г",
        "diameter" : "",
        "weight" : "",
        "price" : "89",
        "img" : "http://12rubley.ru/store/0/7/0/70/1762%20B.jpg"
    }

    ,
    "1.10" : {
        "art" : "1.10",
        "isInBase" : "yes",
        "type" : "монета",
        "country" : "Россия",
        "nominal" : "5 копеек",
        "year" : "1771",
        "event" : "",
        "diameter" : "",
        "weight" : "",
        "price" : "89",
        "img" : "http://12rubley.ru/store/0/7/0/70/135245-5k1771.jpg"
    }

    ,
    "2.1" : {
        "art" : "2.1",
        "isInBase" : "yes",
        "type" : "медаль",
        "country" : "Россия",
        "nominal" : "990 проба 24 доли",
        "year" : " 1881",
        "event" : "Аффинажный слиток",
        "diameter" : "",
        "weight" : "",
        "price" : "89",
        "img" : "http://12rubley.ru/store/0/7/0/70/IMG_20181213_130403.jpg"
    }

    ,
    "2.2" : {
        "art" : "2.2",
        "isInBase" : "yes",
        "type" : "медаль",
        "country" : "Россия",
        "nominal" : "Медаль",
        "year" : "1901",
        "event" : "Выставка промышлено-сельской техники в Люблино",
        "diameter" : "",
        "weight" : "",
        "price" : "89",
        "img" : "http://12rubley.ru/store/0/7/0/70/IMG_20190913_142030.jpg"
    }

    ,
    "2.3" : {
        "art" : "2.3",
        "isInBase" : "yes",
        "type" : "медаль",
        "country" : "США",
        "nominal" : "Медаль",
        "year" : "1938",
        "event" : "За боевые заслуги",
        "diameter" : "",
        "weight" : "",
        "price" : "89",
        "img" : "http://12rubley.ru/store/0/7/0/70/2018-06-04%2011-38-33.JPG"
    }

}